laptop_id,laptop_link
laptop-asus-tuf-gaming-f16-fx607vj-rl034w,https://cellphones.com.vn/laptop-asus-tuf-gaming-f16-fx607vj-rl034w.html
laptop-acer-gaming-aspire-7-a715-59g-57tu,https://cellphones.com.vn/laptop-acer-gaming-aspire-7-a715-59g-57tu.html
laptop-hp-15-fc0086au-a6vv9pa,https://cellphones.com.vn/laptop-hp-15-fc0086au-a6vv9pa.html
laptop-acer-aspire-lite-16-gen-2-al16-52p-572a,https://cellphones.com.vn/laptop-acer-aspire-lite-16-gen-2-al16-52p-572a.html
macbook-air-m2-2022-16gb,https://cellphones.com.vn/macbook-air-m2-2022-16gb.html
laptop-asus-gaming-v16-v3607vu-rp343w,https://cellphones.com.vn/laptop-asus-gaming-v16-v3607vu-rp343w.html
apple-macbook-air-13-m4-10cpu-8gpu-16gb-256gb-2025,https://cellphones.com.vn/apple-macbook-air-13-m4-10cpu-8gpu-16gb-256gb-2025.html
laptop-gaming-acer-nitro-v-anv15-41-r7ap,https://cellphones.com.vn/laptop-gaming-acer-nitro-v-anv15-41-r7ap.html
laptop-asus-vivobook-go-14-e1404fa-nk177w,https://cellphones.com.vn/laptop-asus-vivobook-go-14-e1404fa-nk177w.html
laptop-msi-modern-14-c12mo-660vn,https://cellphones.com.vn/laptop-msi-modern-14-c12mo-660vn.html
laptop-lenovo-ideapad-slim-3-14irh10-83k00008vn,https://cellphones.com.vn/laptop-lenovo-ideapad-slim-3-14irh10-83k00008vn.html
laptop-lenovo-ideapad-slim-3-15abr8-82xm00mdvn,https://cellphones.com.vn/laptop-lenovo-ideapad-slim-3-15abr8-82xm00mdvn.html
macbook-pro-14-inch-m4-16gb-512gb,https://cellphones.com.vn/macbook-pro-14-inch-m4-16gb-512gb.html
laptop-asus-vivobook-go-15-e1504ga-bq1141w,https://cellphones.com.vn/laptop-asus-vivobook-go-15-e1504ga-bq1141w.html
mac-mini-m4-2024-16gb-256gb,https://cellphones.com.vn/mac-mini-m4-2024-16gb-256gb.html
laptop-asus-vivobook-16x-k3605vc-rp431w,https://cellphones.com.vn/laptop-asus-vivobook-16x-k3605vc-rp431w.html
laptop-gaming-acer-nitro-v-anv15-51-57b2,https://cellphones.com.vn/laptop-gaming-acer-nitro-v-anv15-51-57b2.html
laptop-dell-inspiron-15-3530-j9xfd,https://cellphones.com.vn/laptop-dell-inspiron-15-3530-j9xfd.html
laptop-hp-245-g10-b8pf8at,https://cellphones.com.vn/laptop-hp-245-g10-b8pf8at.html
laptop-msi-katana-15-b13udxk-2270vn-16gb,https://cellphones.com.vn/laptop-msi-katana-15-b13udxk-2270vn-16gb.html
laptop-dell-inspiron-14-5440-d0f3w,https://cellphones.com.vn/laptop-dell-inspiron-14-5440-d0f3w.html
apple-macbook-air-13-m4-10cpu-10gpu-16gb-512gb-2025,https://cellphones.com.vn/apple-macbook-air-13-m4-10cpu-10gpu-16gb-512gb-2025.html
apple-macbook-air-13-m4-10cpu-8gpu-16gb-256gb-2025-sac-70w,https://cellphones.com.vn/apple-macbook-air-13-m4-10cpu-8gpu-16gb-256gb-2025-sac-70w.html
laptop-lenovo-loq-15arp9-83jc00hyvn,https://cellphones.com.vn/laptop-lenovo-loq-15arp9-83jc00hyvn.html
laptop-hp-14-ep0112tu-8c5l1pa,https://cellphones.com.vn/laptop-hp-14-ep0112tu-8c5l1pa.html
laptop-dell-inspiron-15-3520-i3520-7896blk-pus,https://cellphones.com.vn/laptop-dell-inspiron-15-3520-i3520-7896blk-pus.html
macbook-pro-14-inch-m4-pro-24gb-512gb,https://cellphones.com.vn/macbook-pro-14-inch-m4-pro-24gb-512gb.html
laptop-hp-gaming-victus-16-s0173ax-a9lg9pa,https://cellphones.com.vn/laptop-hp-gaming-victus-16-s0173ax-a9lg9pa.html
laptop-hp-victus-15-fb3116ax-bx8u4pa,https://cellphones.com.vn/laptop-hp-victus-15-fb3116ax-bx8u4pa.html
laptop-dell-inspiron-15-3520-jym17,https://cellphones.com.vn/laptop-dell-inspiron-15-3520-jym17.html
laptop-acer-gaming-nitro-lite-16-nl16-71g-71uj,https://cellphones.com.vn/laptop-acer-gaming-nitro-lite-16-nl16-71g-71uj.html
laptop-msi-gaming-katana-a15-ai-b8ve-402vn,https://cellphones.com.vn/laptop-msi-gaming-katana-a15-ai-b8ve-402vn.html
laptop-asus-vivobook-15-x1502va-bq885w,https://cellphones.com.vn/laptop-asus-vivobook-15-x1502va-bq885w.html
laptop-hp-14-ep0220tu-b73vwpa-16gb,https://cellphones.com.vn/laptop-hp-14-ep0220tu-b73vwpa-16gb.html
laptop-asus-vivobook-15-oled-a1505va-ma505w,https://cellphones.com.vn/laptop-asus-vivobook-15-oled-a1505va-ma505w.html
laptop-asus-tuf-gaming-f16-fx607vu-rl045w,https://cellphones.com.vn/laptop-asus-tuf-gaming-f16-fx607vu-rl045w.html
laptop-lenovo-ideapad-slim-5-14irh10r-83j0006evn,https://cellphones.com.vn/laptop-lenovo-ideapad-slim-5-14irh10r-83j0006evn.html
laptop-asus-vivobook-s14-s3407va-ly046w,https://cellphones.com.vn/laptop-asus-vivobook-s14-s3407va-ly046w.html
laptop-lenovo-loq-15arp9-83jc00m3vn,https://cellphones.com.vn/laptop-lenovo-loq-15arp9-83jc00m3vn.html
laptop-hp-245-g10-bg5u8pt,https://cellphones.com.vn/laptop-hp-245-g10-bg5u8pt.html
laptop-hp-pavilion-x360-14-ek2017tu-9z2v5pa,https://cellphones.com.vn/laptop-hp-pavilion-x360-14-ek2017tu-9z2v5pa.html
laptop-asus-vivobook-14-x1405va-ly623w,https://cellphones.com.vn/laptop-asus-vivobook-14-x1405va-ly623w.html
laptop-msi-katana-15-b13vfk-676vn,https://cellphones.com.vn/laptop-msi-katana-15-b13vfk-676vn.html
laptop-asus-vivobook-15-x1502va-bq886w,https://cellphones.com.vn/laptop-asus-vivobook-15-x1502va-bq886w.html
laptop-lenovo-legion-7-16iax10-83ky001uvn,https://cellphones.com.vn/laptop-lenovo-legion-7-16iax10-83ky001uvn.html
laptop-hp-pavilion-15-eg3095tu-8c5l6pa-16gb,https://cellphones.com.vn/laptop-hp-pavilion-15-eg3095tu-8c5l6pa-16gb.html
laptop-msi-gaming-thin-15-b13uc-2081vn,https://cellphones.com.vn/laptop-msi-gaming-thin-15-b13uc-2081vn.html
laptop-asus-tuf-gaming-a15-fa506ncg-hn184w,https://cellphones.com.vn/laptop-asus-tuf-gaming-a15-fa506ncg-hn184w.html
laptop-asus-vivobook-15-x1504va-bq2076w,https://cellphones.com.vn/laptop-asus-vivobook-15-x1504va-bq2076w.html
laptop-asus-vivobook-16-a1607qa-mb067ws-snapdragon,https://cellphones.com.vn/laptop-asus-vivobook-16-a1607qa-mb067ws-snapdragon.html
laptop-asus-vivobook-14-x1404va-nk394w,https://cellphones.com.vn/laptop-asus-vivobook-14-x1404va-nk394w.html
laptop-lenovo-loq-15irx9-83dv01alvn,https://cellphones.com.vn/laptop-lenovo-loq-15irx9-83dv01alvn.html
apple-macbook-air-13-m4-10cpu-10gpu-16gb-512gb-2025-sac-70w,https://cellphones.com.vn/apple-macbook-air-13-m4-10cpu-10gpu-16gb-512gb-2025-sac-70w.html
laptop-lenovo-ideapad-slim-3-16irh10-83k20002vn,https://cellphones.com.vn/laptop-lenovo-ideapad-slim-3-16irh10-83k20002vn.html
laptop-dell-inspiron-15-3520-n3520-i5u165w11slu,https://cellphones.com.vn/laptop-dell-inspiron-15-3520-n3520-i5u165w11slu.html
macbook-air-m3-13-inch-2024,https://cellphones.com.vn/macbook-air-m3-13-inch-2024.html
laptop-gaming-acer-nitro-v-anv15-51-72vs,https://cellphones.com.vn/laptop-gaming-acer-nitro-v-anv15-51-72vs.html
laptop-masstel-e140,https://cellphones.com.vn/laptop-masstel-e140.html
laptop-dell-15-dc15250-79n4m,https://cellphones.com.vn/laptop-dell-15-dc15250-79n4m.html
laptop-lenovo-legion-7-16iax10-83ky001vvn,https://cellphones.com.vn/laptop-lenovo-legion-7-16iax10-83ky001vvn.html
laptop-dell-vostro-3530-2h1tpi5-16gb,https://cellphones.com.vn/laptop-dell-vostro-3530-2h1tpi5-16gb.html
apple-macbook-air-15-m4-10cpu-10gpu-16gb-256gb-2025,https://cellphones.com.vn/apple-macbook-air-15-m4-10cpu-10gpu-16gb-256gb-2025.html
apple-macbook-air-13-m4-10cpu-10gpu-24gb-512gb-2025,https://cellphones.com.vn/apple-macbook-air-13-m4-10cpu-10gpu-24gb-512gb-2025.html
laptop-lenovo-loq-15arp9-83jc00hxvn,https://cellphones.com.vn/laptop-lenovo-loq-15arp9-83jc00hxvn.html
mac-mini-m4-2024-16gb-512gb,https://cellphones.com.vn/mac-mini-m4-2024-16gb-512gb.html
laptop-acer-aspire-go-15-ag15-51p-3151,https://cellphones.com.vn/laptop-acer-aspire-go-15-ag15-51p-3151.html
laptop-acer-nitro-v-anv15-41-r2up,https://cellphones.com.vn/laptop-acer-nitro-v-anv15-41-r2up.html
mac-mini-m4-2024-24gb-512gb,https://cellphones.com.vn/mac-mini-m4-2024-24gb-512gb.html
laptop-lenovo-ideapad-slim-5-14akp10-83hx001kvn-ryzen-ai-5,https://cellphones.com.vn/laptop-lenovo-ideapad-slim-5-14akp10-83hx001kvn-ryzen-ai-5.html
laptop-asus-vivobook-s-16-oled-m5606ka-ri016ws-ryzen-ai-7,https://cellphones.com.vn/laptop-asus-vivobook-s-16-oled-m5606ka-ri016ws-ryzen-ai-7.html
apple-macbook-air-13-m4-10cpu-10gpu-24gb-512gb-2025-sac-70w,https://cellphones.com.vn/apple-macbook-air-13-m4-10cpu-10gpu-24gb-512gb-2025-sac-70w.html
laptop-hp-victus-16-r0376tx-ay8z2pa,https://cellphones.com.vn/laptop-hp-victus-16-r0376tx-ay8z2pa.html
laptop-lenovo-loq-15irx10-83je00pevn,https://cellphones.com.vn/laptop-lenovo-loq-15irx10-83je00pevn.html
laptop-asus-vivobook-16x-k3605vc-rp491w,https://cellphones.com.vn/laptop-asus-vivobook-16x-k3605vc-rp491w.html
macbook-pro-14-inch-m4-24gb-1tb,https://cellphones.com.vn/macbook-pro-14-inch-m4-24gb-1tb.html
laptop-lenovo-loq-15arp9-83jc00lvvn,https://cellphones.com.vn/laptop-lenovo-loq-15arp9-83jc00lvvn.html
laptop-hp-15-fd0237tu,https://cellphones.com.vn/laptop-hp-15-fd0237tu.html
macbook-pro-m4-14-inch-10cpu-10gpu-24gb-512gb,https://cellphones.com.vn/macbook-pro-m4-14-inch-10cpu-10gpu-24gb-512gb.html
macbook-pro-16-inch-m4-max-48gb-1tb,https://cellphones.com.vn/macbook-pro-16-inch-m4-max-48gb-1tb.html
laptop-asus-vivobook-s-14-flip-tp3402va-lz632w,https://cellphones.com.vn/laptop-asus-vivobook-s-14-flip-tp3402va-lz632w.html
laptop-hp-15-fd0305tu-a2nl6pa,https://cellphones.com.vn/laptop-hp-15-fd0305tu-a2nl6pa.html
mac-mini-m4-pro-2024-24gb-512gb,https://cellphones.com.vn/mac-mini-m4-pro-2024-24gb-512gb.html
laptop-acer-swift-go-14-ai-sfg14-73-71zx,https://cellphones.com.vn/laptop-acer-swift-go-14-ai-sfg14-73-71zx.html
laptop-lenovo-thinkpad-e16-gen-3-21sr002gva,https://cellphones.com.vn/laptop-lenovo-thinkpad-e16-gen-3-21sr002gva.html
laptop-dell-15-dc15250-71073959,https://cellphones.com.vn/laptop-dell-15-dc15250-71073959.html
laptop-asus-vivobook-go-15-e1504fa-nj454w,https://cellphones.com.vn/laptop-asus-vivobook-go-15-e1504fa-nj454w.html
apple-macbook-air-15-m4-10cpu-10gpu-16gb-512gb-2025,https://cellphones.com.vn/apple-macbook-air-15-m4-10cpu-10gpu-16gb-512gb-2025.html
laptop-asus-gaming-vivobook-k3605zf-rp634w,https://cellphones.com.vn/laptop-asus-gaming-vivobook-k3605zf-rp634w.html
laptop-hp-envy-x360-14-fa0096au-ay8u6pa,https://cellphones.com.vn/laptop-hp-envy-x360-14-fa0096au-ay8u6pa.html
macbook-pro-14-inch-m4-10-cpu-10-gpu-16gb-512gb-sac-96w,https://cellphones.com.vn/macbook-pro-14-inch-m4-10-cpu-10-gpu-16gb-512gb-sac-96w.html
laptop-asus-zenbook-a14-ux3407qa-qd299ws-copilot-x-plus,https://cellphones.com.vn/laptop-asus-zenbook-a14-ux3407qa-qd299ws-copilot-x-plus.html
laptop-asus-vivobook-15-oled-a1505va-l1688w,https://cellphones.com.vn/laptop-asus-vivobook-15-oled-a1505va-l1688w.html
laptop-asus-vivoboook-s-14-oled-s5406ma-pp046ws,https://cellphones.com.vn/laptop-asus-vivoboook-s-14-oled-s5406ma-pp046ws.html
laptop-hp-14-dq2055wm-39k15ua,https://cellphones.com.vn/laptop-hp-14-dq2055wm-39k15ua.html
apple-macmini-m4-10cpu-10gpu-24gb-256gb-2024-z1cf,https://cellphones.com.vn/apple-macmini-m4-10cpu-10gpu-24gb-256gb-2024-z1cf.html
laptop-dell-15-dc15250-3g7t0,https://cellphones.com.vn/laptop-dell-15-dc15250-3g7t0.html
laptop-asus-rog-strix-g16-g615jmr-s5155w,https://cellphones.com.vn/laptop-asus-rog-strix-g16-g615jmr-s5155w.html
laptop-acer-aspire-7-a715-76g-5806,https://cellphones.com.vn/laptop-acer-aspire-7-a715-76g-5806.html
laptop-asus-zenbook-14-ux3405ca-pz188ws,https://cellphones.com.vn/laptop-asus-zenbook-14-ux3405ca-pz188ws.html
laptop-lenovo-thinkpad-x1-carbon-gen-13-aura-edition-21ns008fvn,https://cellphones.com.vn/laptop-lenovo-thinkpad-x1-carbon-gen-13-aura-edition-21ns008fvn.html
laptop-acer-aspire-lite-15-al15-41p-r3u5,https://cellphones.com.vn/laptop-acer-aspire-lite-15-al15-41p-r3u5.html
laptop-acer-gaming-aspire-7-a715-59g-73lb,https://cellphones.com.vn/laptop-acer-gaming-aspire-7-a715-59g-73lb.html
laptop-hp-victus-16-r0374tx-ay8y7pa,https://cellphones.com.vn/laptop-hp-victus-16-r0374tx-ay8y7pa.html
laptop-hp-15-fd0235tu-9q970pa,https://cellphones.com.vn/laptop-hp-15-fd0235tu-9q970pa.html
laptop-asus-gaming-v16-v3607vh-rp025w,https://cellphones.com.vn/laptop-asus-gaming-v16-v3607vh-rp025w.html
laptop-lenovo-v14-g4-iru-83a000fnvn,https://cellphones.com.vn/laptop-lenovo-v14-g4-iru-83a000fnvn.html
laptop-lg-gram-2024-14z90s-g-ah55a5,https://cellphones.com.vn/laptop-lg-gram-2024-14z90s-g-ah55a5.html
laptop-dell-vostro-3530-2h1tpi7,https://cellphones.com.vn/laptop-dell-vostro-3530-2h1tpi7.html
laptop-dell-vostro-3530-2h1tpi3,https://cellphones.com.vn/laptop-dell-vostro-3530-2h1tpi3.html
laptop-lenovo-ideapad-slim-5-14irh10r-83j0006cvn,https://cellphones.com.vn/laptop-lenovo-ideapad-slim-5-14irh10r-83j0006cvn.html
apple-macbook-air-15-m4-10cpu-10gpu-16gb-512gb-2025-sac-70w,https://cellphones.com.vn/apple-macbook-air-15-m4-10cpu-10gpu-16gb-512gb-2025-sac-70w.html
laptop-acer-aspire-lite-14-al14-71m-52gq,https://cellphones.com.vn/laptop-acer-aspire-lite-14-al14-71m-52gq.html
laptop-lenovo-legion-5-15ahp10-83m0002xvn,https://cellphones.com.vn/laptop-lenovo-legion-5-15ahp10-83m0002xvn.html
laptop-msi-modern-14-f13mg-240vncp,https://cellphones.com.vn/laptop-msi-modern-14-f13mg-240vncp.html
laptop-hp-15-fd0306tu-a2nl7pa,https://cellphones.com.vn/laptop-hp-15-fd0306tu-a2nl7pa.html
laptop-lenovo-ideapad-slim-5-14irh10-83hr0000vn,https://cellphones.com.vn/laptop-lenovo-ideapad-slim-5-14irh10-83hr0000vn.html
macbook-air-m3-13-inch-2024-16gb-256gb,https://cellphones.com.vn/macbook-air-m3-13-inch-2024-16gb-256gb.html
laptop-lenovo-thinkbook-16-g8-irl-21sh0094va,https://cellphones.com.vn/laptop-lenovo-thinkbook-16-g8-irl-21sh0094va.html
laptop-dell-15-dc15255-dc5r5802w1,https://cellphones.com.vn/laptop-dell-15-dc15255-dc5r5802w1.html
laptop-hp-250-g9-ag2k7at,https://cellphones.com.vn/laptop-hp-250-g9-ag2k7at.html
macbook-pro-14-inch-m4-pro-12-cpu-16-gpu-24gb-512gb-sac-96w,https://cellphones.com.vn/macbook-pro-14-inch-m4-pro-12-cpu-16-gpu-24gb-512gb-sac-96w.html
laptop-asus-vivobook-s16-s5606ca-ri171ws,https://cellphones.com.vn/laptop-asus-vivobook-s16-s5606ca-ri171ws.html
laptop-lenovo-thinkpad-x1-carbon-gen-13-aura-edition-21nx0039vn,https://cellphones.com.vn/laptop-lenovo-thinkpad-x1-carbon-gen-13-aura-edition-21nx0039vn.html
laptop-dell-15-dc15250-h02df,https://cellphones.com.vn/laptop-dell-15-dc15250-h02df.html
laptop-dell-inspiron-15-3530-n3530,https://cellphones.com.vn/laptop-dell-inspiron-15-3530-n3530.html
laptop-hp-pavilion-15-eg3112tu-8u6l9pa,https://cellphones.com.vn/laptop-hp-pavilion-15-eg3112tu-8u6l9pa.html
laptop-acer-aspire-lite-15-al15-71p-517d,https://cellphones.com.vn/laptop-acer-aspire-lite-15-al15-71p-517d.html
mac-mini-m2-16gb-512gb-2023,https://cellphones.com.vn/mac-mini-m2-16gb-512gb-2023.html
laptop-lenovo-thinkpad-e16-gen-3-21sr002nvn,https://cellphones.com.vn/laptop-lenovo-thinkpad-e16-gen-3-21sr002nvn.html
laptop-hp-envy-x360-14-fa0045au-a19bmpa,https://cellphones.com.vn/laptop-hp-envy-x360-14-fa0045au-a19bmpa.html
laptop-msi-gaming-thin-15-b13ve-2824vn,https://cellphones.com.vn/laptop-msi-gaming-thin-15-b13ve-2824vn.html
laptop-acer-gaming-nitro-v-15-propanel-anv15-41-r9m1,https://cellphones.com.vn/laptop-acer-gaming-nitro-v-15-propanel-anv15-41-r9m1.html
apple-macbook-air-15-m4-10cpu-10gpu-16gb-256gb-2025-sac-70w,https://cellphones.com.vn/apple-macbook-air-15-m4-10cpu-10gpu-16gb-256gb-2025-sac-70w.html
laptop-lenovo-loq-15ahp10-83jg0047vn,https://cellphones.com.vn/laptop-lenovo-loq-15ahp10-83jg0047vn.html
macbook-air-15-m3-24gb-512gb-2024-35w,https://cellphones.com.vn/macbook-air-15-m3-24gb-512gb-2024-35w.html
laptop-dell-xps-13-9350-71058714,https://cellphones.com.vn/laptop-dell-xps-13-9350-71058714.html
laptop-asus-zenbook-14-ux3405ca-pz187ws,https://cellphones.com.vn/laptop-asus-zenbook-14-ux3405ca-pz187ws.html
laptop-gaming-acer-nitro-v-anv15-51-55ca,https://cellphones.com.vn/laptop-gaming-acer-nitro-v-anv15-51-55ca.html
laptop-acer-aspire-lite-gen-2-al14-52m-32kv,https://cellphones.com.vn/laptop-acer-aspire-lite-gen-2-al14-52m-32kv.html
laptop-msi-katana-15-b13udxk-2269vn-16gb,https://cellphones.com.vn/laptop-msi-katana-15-b13udxk-2269vn-16gb.html
imac-m4-2024-24-inch-16gb-256gb,https://cellphones.com.vn/imac-m4-2024-24-inch-16gb-256gb.html
laptop-hp-pavilion-15-eg3094tu-8c5l5pa-16gb,https://cellphones.com.vn/laptop-hp-pavilion-15-eg3094tu-8c5l5pa-16gb.html
laptop-asus-rog-zephyrus-g14-ga403wm-qs051ws-ryzen-ai-9,https://cellphones.com.vn/laptop-asus-rog-zephyrus-g14-ga403wm-qs051ws-ryzen-ai-9.html
laptop-hp-14-ep0220tu-b73vwpa,https://cellphones.com.vn/laptop-hp-14-ep0220tu-b73vwpa.html
laptop-asus-vivobook-go-14-e1404fa-eb482w,https://cellphones.com.vn/laptop-asus-vivobook-go-14-e1404fa-eb482w.html
laptop-lenovo-ideapad-slim-3-15abr8-82xm00mcvn,https://cellphones.com.vn/laptop-lenovo-ideapad-slim-3-15abr8-82xm00mcvn.html
laptop-asus-vivobook-s-16-oled-s5606ma-mx051w,https://cellphones.com.vn/laptop-asus-vivobook-s-16-oled-s5606ma-mx051w.html
laptop-lenovo-v15-g4-iru-83cc0041vn,https://cellphones.com.vn/laptop-lenovo-v15-g4-iru-83cc0041vn.html
laptop-acer-gaming-nitro-lite-16-nl16-71g-56wq,https://cellphones.com.vn/laptop-acer-gaming-nitro-lite-16-nl16-71g-56wq.html
laptop-lenovo-v14-g4-iru-83a00012vn,https://cellphones.com.vn/laptop-lenovo-v14-g4-iru-83a00012vn.html
laptop-lenovo-ideapad-slim-3-14arp10-83k6000avn,https://cellphones.com.vn/laptop-lenovo-ideapad-slim-3-14arp10-83k6000avn.html
laptop-hp-victus-15-fa2731tx-b85lnpa,https://cellphones.com.vn/laptop-hp-victus-15-fa2731tx-b85lnpa.html
laptop-lenovo-yoga-slim-7-14imh9-83cv00ajvn,https://cellphones.com.vn/laptop-lenovo-yoga-slim-7-14imh9-83cv00ajvn.html
laptop-msi-gaming-thin-15-b13uc-3247vn,https://cellphones.com.vn/laptop-msi-gaming-thin-15-b13uc-3247vn.html
laptop-lenovo-ideapad-slim-3-14irh10-83k0000bvn,https://cellphones.com.vn/laptop-lenovo-ideapad-slim-3-14irh10-83k0000bvn.html
laptop-msi-katana-15-b13vek-2256vn,https://cellphones.com.vn/laptop-msi-katana-15-b13vek-2256vn.html
laptop-lg-gram-book-15u50t-g-av56a5,https://cellphones.com.vn/laptop-lg-gram-book-15u50t-g-av56a5.html
laptop-hp-15-fd0083tu-8d736pa,https://cellphones.com.vn/laptop-hp-15-fd0083tu-8d736pa.html
laptop-asus-vivobook-go-15-e1504fa-bq1150w,https://cellphones.com.vn/laptop-asus-vivobook-go-15-e1504fa-bq1150w.html
laptop-asus-vivobook-15-x1504va-nj1969w,https://cellphones.com.vn/laptop-asus-vivobook-15-x1504va-nj1969w.html
laptop-lenovo-ideapad-flex-5-14abr8-82xx00fvvn,https://cellphones.com.vn/laptop-lenovo-ideapad-flex-5-14abr8-82xx00fvvn.html
laptop-hp-envy-x360-2in1-14-fc0086tu-a19bwpa,https://cellphones.com.vn/laptop-hp-envy-x360-2in1-14-fc0086tu-a19bwpa.html
laptop-lenovo-v14-g3-iap-82ts00ayvn,https://cellphones.com.vn/laptop-lenovo-v14-g3-iap-82ts00ayvn.html
laptop-dell-vostro-3520-f0v0vi3,https://cellphones.com.vn/laptop-dell-vostro-3520-f0v0vi3.html
laptop-dell-inspiron-15-3530-71053721,https://cellphones.com.vn/laptop-dell-inspiron-15-3530-71053721.html
laptop-asus-gaming-v16-v3607vm-rp044w,https://cellphones.com.vn/laptop-asus-gaming-v16-v3607vm-rp044w.html
laptop-msi-gaming-thin-15-b13uc-1411vn-24gb,https://cellphones.com.vn/laptop-msi-gaming-thin-15-b13uc-1411vn-24gb.html
laptop-acer-aspire-lite-15-al15-72p-7232,https://cellphones.com.vn/laptop-acer-aspire-lite-15-al15-72p-7232.html
laptop-msi-stealth-a16-ai-a3xwfg-018vn-ryzen-ai-9,https://cellphones.com.vn/laptop-msi-stealth-a16-ai-a3xwfg-018vn-ryzen-ai-9.html
laptop-asus-tuf-gaming-f16-fx608jmr-rv048w,https://cellphones.com.vn/laptop-asus-tuf-gaming-f16-fx608jmr-rv048w.html
laptop-hp-victus-16-s0143ax-9q990pa,https://cellphones.com.vn/laptop-hp-victus-16-s0143ax-9q990pa.html
laptop-lenovo-yoga-slim-7-14imh9-83cv00ahvn,https://cellphones.com.vn/laptop-lenovo-yoga-slim-7-14imh9-83cv00ahvn.html
laptop-acer-swift-lite-14-ai-sfl14-51m-78xz,https://cellphones.com.vn/laptop-acer-swift-lite-14-ai-sfl14-51m-78xz.html
laptop-lenovo-ideapad-slim-3-15irh10-83k1002pvn,https://cellphones.com.vn/laptop-lenovo-ideapad-slim-3-15irh10-83k1002pvn.html
laptop-asus-vivoboook-s-14-oled-s5406ma-pp198ws,https://cellphones.com.vn/laptop-asus-vivoboook-s-14-oled-s5406ma-pp198ws.html
laptop-acer-aspire-lite-15-al15-72p-581v,https://cellphones.com.vn/laptop-acer-aspire-lite-15-al15-72p-581v.html
laptop-acer-aspire-lite-16-al16-51p-72s2,https://cellphones.com.vn/laptop-acer-aspire-lite-16-al16-51p-72s2.html
laptop-asus-vivobook-s-14-oled-m5406wa-pp071ws,https://cellphones.com.vn/laptop-asus-vivobook-s-14-oled-m5406wa-pp071ws.html
laptop-acer-gaming-predator-helios-neo-16-ai-phn16-73-757w,https://cellphones.com.vn/laptop-acer-gaming-predator-helios-neo-16-ai-phn16-73-757w.html
laptop-dell-vostro-3520-f0v0v256,https://cellphones.com.vn/laptop-dell-vostro-3520-f0v0v256.html
laptop-gigabyte-gaming-a16-ga6h-cmhh2vn893sh,https://cellphones.com.vn/laptop-gigabyte-gaming-a16-ga6h-cmhh2vn893sh.html
laptop-msi-katana-15-b13vfk-2099vn,https://cellphones.com.vn/laptop-msi-katana-15-b13vfk-2099vn.html
laptop-asus-zenbook-s-14-oled-ux5406sa-pv140ws,https://cellphones.com.vn/laptop-asus-zenbook-s-14-oled-ux5406sa-pv140ws.html
laptop-asus-vivobook-s16-s3607va-rp056w,https://cellphones.com.vn/laptop-asus-vivobook-s16-s3607va-rp056w.html
laptop-lenovo-ideapad-flex-5-14abr8-82xx00dlvn,https://cellphones.com.vn/laptop-lenovo-ideapad-flex-5-14abr8-82xx00dlvn.html
laptop-asus-zenbook-14-um3406ka-pp113ws-ryzen-ai-7,https://cellphones.com.vn/laptop-asus-zenbook-14-um3406ka-pp113ws-ryzen-ai-7.html
laptop-hp-pavilion-15-eg3111tu-8u6l8pa,https://cellphones.com.vn/laptop-hp-pavilion-15-eg3111tu-8u6l8pa.html
laptop-lenovo-thinkbook-16-g8-irl,https://cellphones.com.vn/laptop-lenovo-thinkbook-16-g8-irl.html
laptop-asus-vivobook-s14-s3407va-ly053w,https://cellphones.com.vn/laptop-asus-vivobook-s14-s3407va-ly053w.html
imac-m4-24-inch-10cpu-10gpu-24gb-512gb,https://cellphones.com.vn/imac-m4-24-inch-10cpu-10gpu-24gb-512gb.html
laptop-gigabyte-g6-mf-h2ph853kh,https://cellphones.com.vn/laptop-gigabyte-g6-mf-h2ph853kh.html
laptop-lenovo-yoga-slim-7-14ill10-83jx0086vn,https://cellphones.com.vn/laptop-lenovo-yoga-slim-7-14ill10-83jx0086vn.html
laptop-acer-gaming-nitro-v-15-propanel-anv15-41-r7cr,https://cellphones.com.vn/laptop-acer-gaming-nitro-v-15-propanel-anv15-41-r7cr.html
laptop-asus-vivobook-16-m1607ka-mb091ws-ryzen-ai-7,https://cellphones.com.vn/laptop-asus-vivobook-16-m1607ka-mb091ws-ryzen-ai-7.html
laptop-gaming-acer-nitro-v-15-propanel-anv15-51-73bt,https://cellphones.com.vn/laptop-gaming-acer-nitro-v-15-propanel-anv15-51-73bt.html
laptop-acer-aspire-lite-15-al15-42p-r08m,https://cellphones.com.vn/laptop-acer-aspire-lite-15-al15-42p-r08m.html
laptop-lenovo-thinkpad-x1-carbon-gen-13-aura-edition-21ns008hvn,https://cellphones.com.vn/laptop-lenovo-thinkpad-x1-carbon-gen-13-aura-edition-21ns008hvn.html
laptop-lenovo-thinkpad-e14-gen-7-21t90021va,https://cellphones.com.vn/laptop-lenovo-thinkpad-e14-gen-7-21t90021va.html
laptop-lenovo-ideapad-slim-3-14irh10-83k0000avn,https://cellphones.com.vn/laptop-lenovo-ideapad-slim-3-14irh10-83k0000avn.html
laptop-dell-g15-5530-i7hx161w11gr4060,https://cellphones.com.vn/laptop-dell-g15-5530-i7hx161w11gr4060.html
laptop-asus-zenbook-s-16-um5606ka-rk127ws-ryzen-ai-7,https://cellphones.com.vn/laptop-asus-zenbook-s-16-um5606ka-rk127ws-ryzen-ai-7.html
macbook-pro-16-inch-m4-pro-24gb-512gb,https://cellphones.com.vn/macbook-pro-16-inch-m4-pro-24gb-512gb.html
laptop-asus-tuf-gaming-f16-fx608jh-rv039w,https://cellphones.com.vn/laptop-asus-tuf-gaming-f16-fx608jh-rv039w.html
laptop-asus-zenbook-14-um3406ka-pp590ws-ryzen-ai-7,https://cellphones.com.vn/laptop-asus-zenbook-14-um3406ka-pp590ws-ryzen-ai-7.html
laptop-asus-vivobook-s14-oled-s5406sa-pp059ws,https://cellphones.com.vn/laptop-asus-vivobook-s14-oled-s5406sa-pp059ws.html
laptop-asus-vivobook-s14-s3407ca-ly095ws,https://cellphones.com.vn/laptop-asus-vivobook-s14-s3407ca-ly095ws.html
laptop-dell-inspiron-15-3530-p16wd2,https://cellphones.com.vn/laptop-dell-inspiron-15-3530-p16wd2.html
apple-mac-studio-m3-ultra-28cpu-60gpu-2025,https://cellphones.com.vn/apple-mac-studio-m3-ultra-28cpu-60gpu-2025.html
laptop-asus-tuf-gaming-f16-fx608jhr-rv037w,https://cellphones.com.vn/laptop-asus-tuf-gaming-f16-fx608jhr-rv037w.html
laptop-lenovo-ideapad-slim-3-15irh10-83k1000jvn,https://cellphones.com.vn/laptop-lenovo-ideapad-slim-3-15irh10-83k1000jvn.html
laptop-lenovo-thinkpad-e16-gen-3-21sr002kva,https://cellphones.com.vn/laptop-lenovo-thinkpad-e16-gen-3-21sr002kva.html
laptop-acer-nitro-v-15-propanel-anv15-51-73uu,https://cellphones.com.vn/laptop-acer-nitro-v-15-propanel-anv15-51-73uu.html
laptop-lenovo-thinkbook-16-g8-irl-21sh0093va,https://cellphones.com.vn/laptop-lenovo-thinkbook-16-g8-irl-21sh0093va.html
laptop-dell-inspiron-14-5440-n4i5211w1,https://cellphones.com.vn/laptop-dell-inspiron-14-5440-n4i5211w1.html
laptop-asus-vivobook-s-14-oled-s5406ma-pp136w,https://cellphones.com.vn/laptop-asus-vivobook-s-14-oled-s5406ma-pp136w.html
laptop-msi-cyborg-15-a12ucx-618vn,https://cellphones.com.vn/laptop-msi-cyborg-15-a12ucx-618vn.html
laptop-asus-gaming-v16-v3607vu-rp216w,https://cellphones.com.vn/laptop-asus-gaming-v16-v3607vu-rp216w.html
laptop-asus-rog-zephyrus-g16-gu605cm-qr078w,https://cellphones.com.vn/laptop-asus-rog-zephyrus-g16-gu605cm-qr078w.html
laptop-asus-vivobook-s14-m3407ka-sf034ws-ryzen-ai-5,https://cellphones.com.vn/laptop-asus-vivobook-s14-m3407ka-sf034ws-ryzen-ai-5.html
laptop-lenovo-ideapad-slim-3-16irh10-83k20004vn,https://cellphones.com.vn/laptop-lenovo-ideapad-slim-3-16irh10-83k20004vn.html
